{"0":[0.2,0,0,0,0,0,0,0,0,0,0,0],"1":[1.6666666666666667,7.5,5.5,3.5,8.333333333333334,0,0,0,0,0,0,1],"2":[0,0,0,0,0,0,0,0,0,0,0,2],"3":[2.2222222222222223,3.3333333333333335,2,1.3333333333333333,0,0,0,0,0,0,0,3]}