{"0":[0.8888888888888888,0,0,0,0,0,0,0,0,0,0],"1":[6.166666666666667,2,0,0,2.5,0,0,0,0,0,1],"2":[5.5,1.9,0.1,0.1,2.8,0.1,0.1,0.1,0.1,0.1,2],"3":[5,2,0,0,1.5,0,0,0,0,0,3]}